class,value
CON,1.355722
CON,0.556783
CON,0.899691
CON,1.187804
SHED,0.254529
SHED,0.691118
SHED,0.615113
SHED,0.339373
