class,value
CON,5.480005
CON,4.652138
CON,5.188794
CON,4.918446
CON,4.178249
CON,5.532765
SHED,8.946777
SHED,7.495269
SHED,7.302167
SHED,8.349788
SHED,6.540315
