class,value
CON,1.08275174
CON,0.97706879
CON,1.11465603
CON,0.82552343
SHED,1.33798604
SHED,1.2442672
SHED,1.32003988
